-- =====================================================================
-- V7 — Customer data from Drivers Student Manager.xlsx
-- =====================================================================
--  Seeds:
--    * 1 school  (SRoadTutor Driving School)
--    * 2 driver users + instructor records + driver payment settings
--   * 11 student users + student records
--    * 14 scheduled sessions  + 6 synthetic test sessions
--    * 12 payment records
--    * 25 individual mistake logs (session_mistakes)
--
--  Login: every seeded user has password 'Password1' (BCrypt strength 12).
--  Emails are synthesised because the source sheet has phone-only data.
--
--  Gated by Flyway placeholder `${seed-customer}` (mirrors the
--  `${seed-dev}` pattern used by V4). Only `application-dev.yml` sets it
--  to "true"; every other profile (qa / prod / test, plus the base
--  default in application.yml) keeps it "false". The Flyway version
--  history still advances either way — that means switching the gate
--  off later cannot accidentally re-trigger insertion.
--
--  Idempotent via "skip if school already exists" — keeps the gate
--  belt-and-suspenders against manual re-runs in dev.
-- =====================================================================

DO $body$
BEGIN
    IF '${seed-customer}' <> 'true' THEN
        RAISE NOTICE 'V7 customer seed disabled (seed-customer=${seed-customer}) — skipping.';
        RETURN;
    END IF;

    IF EXISTS (SELECT 1 FROM schools WHERE id = 'c3d9a79c-3ad8-5e22-8462-124ed13c5382'::uuid) THEN
        RAISE NOTICE 'V7 customer data already loaded — skipping.';
        RETURN;
    END IF;

    -- ---------------- school ----------------
    INSERT INTO schools (id, name, owner_id, plan_tier, province, jurisdiction, created_at, updated_at)
    VALUES ('c3d9a79c-3ad8-5e22-8462-124ed13c5382'::uuid, 'SRoadTutor Driving School', NULL, 'FREE', 'SK', 'SGI', NOW(), NOW());

    -- ---------------- driver users (role=INSTRUCTOR, owner=first) ----------------

    INSERT INTO users (id, school_id, email, password_hash, full_name, phone, role, auth_provider, language_pref, email_verified, is_active, created_at, updated_at) VALUES ('ef94ca87-3326-5634-99aa-3d1d1d848f17'::uuid, 'c3d9a79c-3ad8-5e22-8462-124ed13c5382'::uuid, 'amit.ukil.d0001@sroadtutor.dev', '$2a$12$iXrA8RxN5t7lK3WqYgC6fuE7MBn/T.eC9tA1S0.fNwZ3Mq4KXgT6e', 'Amit Ukil', '+13067155460', 'OWNER', 'LOCAL', 'en', TRUE, TRUE, NOW(), NOW());
    INSERT INTO users (id, school_id, email, password_hash, full_name, phone, role, auth_provider, language_pref, email_verified, is_active, created_at, updated_at) VALUES ('c6741083-3d3a-5644-9464-467b224c18c7'::uuid, 'c3d9a79c-3ad8-5e22-8462-124ed13c5382'::uuid, 'ananna.rony.d0002@sroadtutor.dev', '$2a$12$iXrA8RxN5t7lK3WqYgC6fuE7MBn/T.eC9tA1S0.fNwZ3Mq4KXgT6e', 'Ananna Rony', '+13062021060', 'INSTRUCTOR', 'LOCAL', 'en', TRUE, FALSE, NOW(), NOW());
    UPDATE schools SET owner_id = 'ef94ca87-3326-5634-99aa-3d1d1d848f17'::uuid WHERE id = 'c3d9a79c-3ad8-5e22-8462-124ed13c5382'::uuid;

    -- ---------------- instructors (1:1 with driver users) ----------------
    INSERT INTO instructors (id, user_id, school_id, license_no, sgi_cert, is_active, created_at, updated_at) VALUES ('e7328ba7-367e-50b5-91c6-5859c599a3a7'::uuid, 'ef94ca87-3326-5634-99aa-3d1d1d848f17'::uuid, 'c3d9a79c-3ad8-5e22-8462-124ed13c5382'::uuid, 'SK-D0001', 'SGI-CERT-D0001', TRUE, NOW(), NOW());
    INSERT INTO instructors (id, user_id, school_id, license_no, sgi_cert, is_active, created_at, updated_at) VALUES ('53b58232-b7f2-531f-b094-ada1ecc4c405'::uuid, 'c6741083-3d3a-5644-9464-467b224c18c7'::uuid, 'c3d9a79c-3ad8-5e22-8462-124ed13c5382'::uuid, 'SK-D0002', 'SGI-CERT-D0002', FALSE, NOW(), NOW());

    -- ---------------- driver_payment_settings ----------------
    INSERT INTO driver_payment_settings (id, instructor_id, source_code, rate_type, rate, sessions_covered, is_active, created_at, updated_at) VALUES ('10efae56-a8a1-5048-b3c0-260bd013e781'::uuid, 'e7328ba7-367e-50b5-91c6-5859c599a3a7'::uuid, 'DP1775860953053', 'Standard Rate', 40.00, 1, TRUE, NOW(), NOW());
    INSERT INTO driver_payment_settings (id, instructor_id, source_code, rate_type, rate, sessions_covered, is_active, created_at, updated_at) VALUES ('988286f1-7dc2-5d17-8ef2-5b5d5f880d0d'::uuid, 'e7328ba7-367e-50b5-91c6-5859c599a3a7'::uuid, 'DP1775860969753', 'Discounted Rate (Student Car)', 35.00, 1, TRUE, NOW(), NOW());

    -- ---------------- student users + student records ----------------
    INSERT INTO users (id, school_id, email, password_hash, full_name, phone, role, auth_provider, language_pref, email_verified, is_active, created_at, updated_at) VALUES ('c7c7ce75-e19e-5a6c-915d-7e02d4243971'::uuid, 'c3d9a79c-3ad8-5e22-8462-124ed13c5382'::uuid, 'rinku.s001@sroadtutor.dev', '$2a$12$iXrA8RxN5t7lK3WqYgC6fuE7MBn/T.eC9tA1S0.fNwZ3Mq4KXgT6e', 'Rinku', '+13062036124', 'STUDENT', 'LOCAL', 'en', TRUE, TRUE, NOW(), NOW());
    INSERT INTO students (id, user_id, school_id, instructor_id, package_total_lessons, lessons_remaining, status, road_test_date, created_at, updated_at) VALUES ('e4c0a94d-0011-5eee-9722-7f0e1fdd6d83'::uuid, 'c7c7ce75-e19e-5a6c-915d-7e02d4243971'::uuid, 'c3d9a79c-3ad8-5e22-8462-124ed13c5382'::uuid, 'e7328ba7-367e-50b5-91c6-5859c599a3a7'::uuid, 10, 10, 'ACTIVE', NULL, NOW(), NOW());
    INSERT INTO users (id, school_id, email, password_hash, full_name, phone, role, auth_provider, language_pref, email_verified, is_active, created_at, updated_at) VALUES ('8d790de4-df9b-56a3-ab1a-0bce52d2bb4a'::uuid, 'c3d9a79c-3ad8-5e22-8462-124ed13c5382'::uuid, 'fahmida.stonebridge.s002@sroadtutor.dev', '$2a$12$iXrA8RxN5t7lK3WqYgC6fuE7MBn/T.eC9tA1S0.fNwZ3Mq4KXgT6e', 'Fahmida Stonebridge ', '+13068502454', 'STUDENT', 'LOCAL', 'en', TRUE, TRUE, NOW(), NOW());
    INSERT INTO students (id, user_id, school_id, instructor_id, package_total_lessons, lessons_remaining, status, road_test_date, created_at, updated_at) VALUES ('5a90396a-f45b-5966-a7fd-a58697241ee5'::uuid, '8d790de4-df9b-56a3-ab1a-0bce52d2bb4a'::uuid, 'c3d9a79c-3ad8-5e22-8462-124ed13c5382'::uuid, 'e7328ba7-367e-50b5-91c6-5859c599a3a7'::uuid, 10, 10, 'ACTIVE', NULL, NOW(), NOW());
    INSERT INTO users (id, school_id, email, password_hash, full_name, phone, role, auth_provider, language_pref, email_verified, is_active, created_at, updated_at) VALUES ('fc438bdc-d3ad-5dc2-922b-1ecd089c6861'::uuid, 'c3d9a79c-3ad8-5e22-8462-124ed13c5382'::uuid, 'smita.s003@sroadtutor.dev', '$2a$12$iXrA8RxN5t7lK3WqYgC6fuE7MBn/T.eC9tA1S0.fNwZ3Mq4KXgT6e', 'Smita', '+13064913559', 'STUDENT', 'LOCAL', 'en', TRUE, TRUE, NOW(), NOW());
    INSERT INTO students (id, user_id, school_id, instructor_id, package_total_lessons, lessons_remaining, status, road_test_date, created_at, updated_at) VALUES ('a9b48612-e25b-59b5-95c0-46af4d30489b'::uuid, 'fc438bdc-d3ad-5dc2-922b-1ecd089c6861'::uuid, 'c3d9a79c-3ad8-5e22-8462-124ed13c5382'::uuid, 'e7328ba7-367e-50b5-91c6-5859c599a3a7'::uuid, 10, 10, 'ACTIVE', NULL, NOW(), NOW());
    INSERT INTO users (id, school_id, email, password_hash, full_name, phone, role, auth_provider, language_pref, email_verified, is_active, created_at, updated_at) VALUES ('0728d0c4-4e6e-5c13-8212-5c6bd7b2a2e7'::uuid, 'c3d9a79c-3ad8-5e22-8462-124ed13c5382'::uuid, 'ananna.rony.s004@sroadtutor.dev', '$2a$12$iXrA8RxN5t7lK3WqYgC6fuE7MBn/T.eC9tA1S0.fNwZ3Mq4KXgT6e', 'Ananna Rony', '+3062021060', 'STUDENT', 'LOCAL', 'en', TRUE, TRUE, NOW(), NOW());
    INSERT INTO students (id, user_id, school_id, instructor_id, package_total_lessons, lessons_remaining, status, road_test_date, created_at, updated_at) VALUES ('c3ed4d4a-8977-5ec5-b002-98df32d17da3'::uuid, '0728d0c4-4e6e-5c13-8212-5c6bd7b2a2e7'::uuid, 'c3d9a79c-3ad8-5e22-8462-124ed13c5382'::uuid, 'e7328ba7-367e-50b5-91c6-5859c599a3a7'::uuid, 10, 10, 'ACTIVE', NULL, NOW(), NOW());
    INSERT INTO users (id, school_id, email, password_hash, full_name, phone, role, auth_provider, language_pref, email_verified, is_active, created_at, updated_at) VALUES ('095c4529-4376-5531-9498-b88d72e480a3'::uuid, 'c3d9a79c-3ad8-5e22-8462-124ed13c5382'::uuid, 'sazia.afrin.nova.s005@sroadtutor.dev', '$2a$12$iXrA8RxN5t7lK3WqYgC6fuE7MBn/T.eC9tA1S0.fNwZ3Mq4KXgT6e', 'Sazia Afrin Nova', '+6399948385', 'STUDENT', 'LOCAL', 'en', TRUE, TRUE, NOW(), NOW());
    INSERT INTO students (id, user_id, school_id, instructor_id, package_total_lessons, lessons_remaining, status, road_test_date, created_at, updated_at) VALUES ('0e3fa860-4b98-5bc2-a978-3cf3df02d12a'::uuid, '095c4529-4376-5531-9498-b88d72e480a3'::uuid, 'c3d9a79c-3ad8-5e22-8462-124ed13c5382'::uuid, 'e7328ba7-367e-50b5-91c6-5859c599a3a7'::uuid, 10, 10, 'ACTIVE', NULL, NOW(), NOW());
    INSERT INTO users (id, school_id, email, password_hash, full_name, phone, role, auth_provider, language_pref, email_verified, is_active, created_at, updated_at) VALUES ('6ab84606-ae45-5038-a68a-ed7d86a2dc11'::uuid, 'c3d9a79c-3ad8-5e22-8462-124ed13c5382'::uuid, 's006.s006@sroadtutor.dev', '$2a$12$iXrA8RxN5t7lK3WqYgC6fuE7MBn/T.eC9tA1S0.fNwZ3Mq4KXgT6e', 'অমিত', '+13062415544', 'STUDENT', 'LOCAL', 'en', TRUE, TRUE, NOW(), NOW());
    INSERT INTO students (id, user_id, school_id, instructor_id, package_total_lessons, lessons_remaining, status, road_test_date, created_at, updated_at) VALUES ('e7f967e6-8fb6-5c5b-93cf-e872ae0e3702'::uuid, '6ab84606-ae45-5038-a68a-ed7d86a2dc11'::uuid, 'c3d9a79c-3ad8-5e22-8462-124ed13c5382'::uuid, 'e7328ba7-367e-50b5-91c6-5859c599a3a7'::uuid, 10, 10, 'ACTIVE', NULL, NOW(), NOW());
    INSERT INTO users (id, school_id, email, password_hash, full_name, phone, role, auth_provider, language_pref, email_verified, is_active, created_at, updated_at) VALUES ('b6765b19-5dd6-569e-af92-fd4e66574d5a'::uuid, 'c3d9a79c-3ad8-5e22-8462-124ed13c5382'::uuid, 'mehul.s007@sroadtutor.dev', '$2a$12$iXrA8RxN5t7lK3WqYgC6fuE7MBn/T.eC9tA1S0.fNwZ3Mq4KXgT6e', 'Mehul', '+13062613928', 'STUDENT', 'LOCAL', 'en', TRUE, TRUE, NOW(), NOW());
    INSERT INTO students (id, user_id, school_id, instructor_id, package_total_lessons, lessons_remaining, status, road_test_date, created_at, updated_at) VALUES ('1ab655f7-095e-5da8-a3eb-a564a84d2a28'::uuid, 'b6765b19-5dd6-569e-af92-fd4e66574d5a'::uuid, 'c3d9a79c-3ad8-5e22-8462-124ed13c5382'::uuid, 'e7328ba7-367e-50b5-91c6-5859c599a3a7'::uuid, 10, 10, 'ACTIVE', NULL, NOW(), NOW());
    INSERT INTO users (id, school_id, email, password_hash, full_name, phone, role, auth_provider, language_pref, email_verified, is_active, created_at, updated_at) VALUES ('de46e64d-6394-5785-893f-eb5ca48dc2d6'::uuid, 'c3d9a79c-3ad8-5e22-8462-124ed13c5382'::uuid, 'bijoya.shaikat.s008@sroadtutor.dev', '$2a$12$iXrA8RxN5t7lK3WqYgC6fuE7MBn/T.eC9tA1S0.fNwZ3Mq4KXgT6e', 'Bijoya Shaikat', '+16393842214', 'STUDENT', 'LOCAL', 'en', TRUE, TRUE, NOW(), NOW());
    INSERT INTO students (id, user_id, school_id, instructor_id, package_total_lessons, lessons_remaining, status, road_test_date, created_at, updated_at) VALUES ('2991433e-39a1-58a5-a6ac-dd1dd92bedce'::uuid, 'de46e64d-6394-5785-893f-eb5ca48dc2d6'::uuid, 'c3d9a79c-3ad8-5e22-8462-124ed13c5382'::uuid, 'e7328ba7-367e-50b5-91c6-5859c599a3a7'::uuid, 10, 10, 'ACTIVE', NULL, NOW(), NOW());
    INSERT INTO users (id, school_id, email, password_hash, full_name, phone, role, auth_provider, language_pref, email_verified, is_active, created_at, updated_at) VALUES ('b43555da-4227-58f4-ae0e-2721e7792c83'::uuid, 'c3d9a79c-3ad8-5e22-8462-124ed13c5382'::uuid, 'arjun.superstore.s009@sroadtutor.dev', '$2a$12$iXrA8RxN5t7lK3WqYgC6fuE7MBn/T.eC9tA1S0.fNwZ3Mq4KXgT6e', 'Arjun superstore', '+15148127801', 'STUDENT', 'LOCAL', 'en', TRUE, TRUE, NOW(), NOW());
    INSERT INTO students (id, user_id, school_id, instructor_id, package_total_lessons, lessons_remaining, status, road_test_date, created_at, updated_at) VALUES ('ed59f0c9-c1eb-52e8-bce3-4bd0256d69b5'::uuid, 'b43555da-4227-58f4-ae0e-2721e7792c83'::uuid, 'c3d9a79c-3ad8-5e22-8462-124ed13c5382'::uuid, 'e7328ba7-367e-50b5-91c6-5859c599a3a7'::uuid, 10, 10, 'ACTIVE', NULL, NOW(), NOW());
    INSERT INTO users (id, school_id, email, password_hash, full_name, phone, role, auth_provider, language_pref, email_verified, is_active, created_at, updated_at) VALUES ('c41d0e58-cc34-551f-9665-3dec162d76c4'::uuid, 'c3d9a79c-3ad8-5e22-8462-124ed13c5382'::uuid, 'tazim.west.s010@sroadtutor.dev', '$2a$12$iXrA8RxN5t7lK3WqYgC6fuE7MBn/T.eC9tA1S0.fNwZ3Mq4KXgT6e', 'Tazim west', '+13068804244', 'STUDENT', 'LOCAL', 'en', TRUE, TRUE, NOW(), NOW());
    INSERT INTO students (id, user_id, school_id, instructor_id, package_total_lessons, lessons_remaining, status, road_test_date, created_at, updated_at) VALUES ('266149fc-db0d-5aa7-b2a6-a903bdb4a9fe'::uuid, 'c41d0e58-cc34-551f-9665-3dec162d76c4'::uuid, 'c3d9a79c-3ad8-5e22-8462-124ed13c5382'::uuid, 'e7328ba7-367e-50b5-91c6-5859c599a3a7'::uuid, 10, 10, 'ACTIVE', NULL, NOW(), NOW());
    INSERT INTO users (id, school_id, email, password_hash, full_name, phone, role, auth_provider, language_pref, email_verified, is_active, created_at, updated_at) VALUES ('0da3a8b4-b496-5740-a005-d54d5a748d16'::uuid, 'c3d9a79c-3ad8-5e22-8462-124ed13c5382'::uuid, 'tazim.s011@sroadtutor.dev', '$2a$12$iXrA8RxN5t7lK3WqYgC6fuE7MBn/T.eC9tA1S0.fNwZ3Mq4KXgT6e', 'Tazim', '+13068804244', 'STUDENT', 'LOCAL', 'en', TRUE, TRUE, NOW(), NOW());
    INSERT INTO students (id, user_id, school_id, instructor_id, package_total_lessons, lessons_remaining, status, road_test_date, created_at, updated_at) VALUES ('1de423d8-f779-57f5-bb2b-c822ad9033b7'::uuid, '0da3a8b4-b496-5740-a005-d54d5a748d16'::uuid, 'c3d9a79c-3ad8-5e22-8462-124ed13c5382'::uuid, 'e7328ba7-367e-50b5-91c6-5859c599a3a7'::uuid, 10, 10, 'ACTIVE', NULL, NOW(), NOW());

    -- ---------------- scheduled lesson sessions ----------------
    INSERT INTO lesson_sessions (id, school_id, instructor_id, student_id, scheduled_at, duration_mins, status, location, notes, created_at, updated_at) VALUES ('48f506ca-cf33-5e7c-b2da-dee1617fcc78'::uuid, 'c3d9a79c-3ad8-5e22-8462-124ed13c5382'::uuid, 'e7328ba7-367e-50b5-91c6-5859c599a3a7'::uuid, 'e4c0a94d-0011-5eee-9722-7f0e1fdd6d83'::uuid, '2026-11-04T08:30:00'::timestamptz, 60, 'CANCELLED', NULL, NULL, NOW(), NOW());
    INSERT INTO lesson_sessions (id, school_id, instructor_id, student_id, scheduled_at, duration_mins, status, location, notes, created_at, updated_at) VALUES ('096d148f-546a-5338-899c-d9b236edf999'::uuid, 'c3d9a79c-3ad8-5e22-8462-124ed13c5382'::uuid, 'e7328ba7-367e-50b5-91c6-5859c599a3a7'::uuid, 'e4c0a94d-0011-5eee-9722-7f0e1fdd6d83'::uuid, '2026-04-11T08:30:00'::timestamptz, 60, 'COMPLETED', NULL, NULL, NOW(), NOW());
    INSERT INTO lesson_sessions (id, school_id, instructor_id, student_id, scheduled_at, duration_mins, status, location, notes, created_at, updated_at) VALUES ('ba6dd25d-180b-5e80-b50b-ff97a5d9b50d'::uuid, 'c3d9a79c-3ad8-5e22-8462-124ed13c5382'::uuid, 'e7328ba7-367e-50b5-91c6-5859c599a3a7'::uuid, 'a9b48612-e25b-59b5-95c0-46af4d30489b'::uuid, '2026-04-13T17:30:00'::timestamptz, 60, 'COMPLETED', NULL, NULL, NOW(), NOW());
    INSERT INTO lesson_sessions (id, school_id, instructor_id, student_id, scheduled_at, duration_mins, status, location, notes, created_at, updated_at) VALUES ('34658dc0-654d-5515-9e23-2a0b82ecd8fc'::uuid, 'c3d9a79c-3ad8-5e22-8462-124ed13c5382'::uuid, 'e7328ba7-367e-50b5-91c6-5859c599a3a7'::uuid, 'a9b48612-e25b-59b5-95c0-46af4d30489b'::uuid, '2026-04-16T17:30:00'::timestamptz, 60, 'COMPLETED', NULL, NULL, NOW(), NOW());
    INSERT INTO lesson_sessions (id, school_id, instructor_id, student_id, scheduled_at, duration_mins, status, location, notes, created_at, updated_at) VALUES ('2804e8a1-94cf-5e8e-8d29-0f75b74d001a'::uuid, 'c3d9a79c-3ad8-5e22-8462-124ed13c5382'::uuid, 'e7328ba7-367e-50b5-91c6-5859c599a3a7'::uuid, 'a9b48612-e25b-59b5-95c0-46af4d30489b'::uuid, '2026-04-21T10:10:00'::timestamptz, 270, 'CANCELLED', NULL, NULL, NOW(), NOW());
    INSERT INTO lesson_sessions (id, school_id, instructor_id, student_id, scheduled_at, duration_mins, status, location, notes, created_at, updated_at) VALUES ('545f195a-b0b8-5766-b2e3-248c419d7a53'::uuid, 'c3d9a79c-3ad8-5e22-8462-124ed13c5382'::uuid, 'e7328ba7-367e-50b5-91c6-5859c599a3a7'::uuid, '1ab655f7-095e-5da8-a3eb-a564a84d2a28'::uuid, '2026-04-24T12:00:00'::timestamptz, 60, 'SCHEDULED', NULL, NULL, NOW(), NOW());
    INSERT INTO lesson_sessions (id, school_id, instructor_id, student_id, scheduled_at, duration_mins, status, location, notes, created_at, updated_at) VALUES ('db3c4ec3-df06-5618-840f-9cdfc76153d8'::uuid, 'c3d9a79c-3ad8-5e22-8462-124ed13c5382'::uuid, 'e7328ba7-367e-50b5-91c6-5859c599a3a7'::uuid, 'a9b48612-e25b-59b5-95c0-46af4d30489b'::uuid, '2026-04-22T09:30:00'::timestamptz, 60, 'COMPLETED', NULL, 'Road test', NOW(), NOW());
    INSERT INTO lesson_sessions (id, school_id, instructor_id, student_id, scheduled_at, duration_mins, status, location, notes, created_at, updated_at) VALUES ('a7ab11c3-7760-5b0e-b82c-8ce1623c2048'::uuid, 'c3d9a79c-3ad8-5e22-8462-124ed13c5382'::uuid, 'e7328ba7-367e-50b5-91c6-5859c599a3a7'::uuid, 'e4c0a94d-0011-5eee-9722-7f0e1fdd6d83'::uuid, '2026-04-19T08:30:00'::timestamptz, 60, 'COMPLETED', NULL, NULL, NOW(), NOW());
    INSERT INTO lesson_sessions (id, school_id, instructor_id, student_id, scheduled_at, duration_mins, status, location, notes, created_at, updated_at) VALUES ('ae9e51c3-1a36-5fad-9b89-8a603df520dc'::uuid, 'c3d9a79c-3ad8-5e22-8462-124ed13c5382'::uuid, 'e7328ba7-367e-50b5-91c6-5859c599a3a7'::uuid, 'a9b48612-e25b-59b5-95c0-46af4d30489b'::uuid, '2026-04-19T11:30:00'::timestamptz, 60, 'COMPLETED', NULL, NULL, NOW(), NOW());
    INSERT INTO lesson_sessions (id, school_id, instructor_id, student_id, scheduled_at, duration_mins, status, location, notes, created_at, updated_at) VALUES ('8758ce03-de5b-5e69-a600-f20173f8c7a1'::uuid, 'c3d9a79c-3ad8-5e22-8462-124ed13c5382'::uuid, 'e7328ba7-367e-50b5-91c6-5859c599a3a7'::uuid, 'a9b48612-e25b-59b5-95c0-46af4d30489b'::uuid, '2026-04-20T17:30:00'::timestamptz, 60, 'COMPLETED', NULL, NULL, NOW(), NOW());
    INSERT INTO lesson_sessions (id, school_id, instructor_id, student_id, scheduled_at, duration_mins, status, location, notes, created_at, updated_at) VALUES ('beb34bce-612f-590d-840b-0b862a365974'::uuid, 'c3d9a79c-3ad8-5e22-8462-124ed13c5382'::uuid, 'e7328ba7-367e-50b5-91c6-5859c599a3a7'::uuid, 'a9b48612-e25b-59b5-95c0-46af4d30489b'::uuid, '2026-04-21T17:00:00'::timestamptz, 60, 'COMPLETED', NULL, NULL, NOW(), NOW());
    INSERT INTO lesson_sessions (id, school_id, instructor_id, student_id, scheduled_at, duration_mins, status, location, notes, created_at, updated_at) VALUES ('a222a1aa-004e-5172-9331-0c10ceba618c'::uuid, 'c3d9a79c-3ad8-5e22-8462-124ed13c5382'::uuid, 'e7328ba7-367e-50b5-91c6-5859c599a3a7'::uuid, 'ed59f0c9-c1eb-52e8-bce3-4bd0256d69b5'::uuid, '2026-04-20T15:25:00'::timestamptz, 60, 'COMPLETED', NULL, NULL, NOW(), NOW());
    INSERT INTO lesson_sessions (id, school_id, instructor_id, student_id, scheduled_at, duration_mins, status, location, notes, created_at, updated_at) VALUES ('22f94912-f37f-530d-9ac5-2494488a7caa'::uuid, 'c3d9a79c-3ad8-5e22-8462-124ed13c5382'::uuid, 'e7328ba7-367e-50b5-91c6-5859c599a3a7'::uuid, '266149fc-db0d-5aa7-b2a6-a903bdb4a9fe'::uuid, '2026-04-21T15:25:00'::timestamptz, 60, 'COMPLETED', NULL, NULL, NOW(), NOW());
    INSERT INTO lesson_sessions (id, school_id, instructor_id, student_id, scheduled_at, duration_mins, status, location, notes, created_at, updated_at) VALUES ('5338bd3c-6f67-5969-ab82-1a2b69d5115c'::uuid, 'c3d9a79c-3ad8-5e22-8462-124ed13c5382'::uuid, 'e7328ba7-367e-50b5-91c6-5859c599a3a7'::uuid, 'e7f967e6-8fb6-5c5b-93cf-e872ae0e3702'::uuid, '2026-04-24T10:30:00'::timestamptz, 60, 'SCHEDULED', NULL, 'Dentist', NOW(), NOW());

    -- ---------------- synthetic sessions for orphan test results ----------------
    INSERT INTO lesson_sessions (id, school_id, instructor_id, student_id, scheduled_at, duration_mins, status, location, notes, created_at, updated_at) VALUES ('72d4e95f-bd47-5b2d-9804-ea60637ed22b'::uuid, 'c3d9a79c-3ad8-5e22-8462-124ed13c5382'::uuid, 'e7328ba7-367e-50b5-91c6-5859c599a3a7'::uuid, 'a9b48612-e25b-59b5-95c0-46af4d30489b'::uuid, '2026-04-14T09:00:00'::timestamptz, 60, 'COMPLETED', NULL, 'Test session (synthesised from Test_Results).', NOW(), NOW());
    INSERT INTO lesson_sessions (id, school_id, instructor_id, student_id, scheduled_at, duration_mins, status, location, notes, created_at, updated_at) VALUES ('3edba084-d8a8-5d69-bf42-f782c1d16969'::uuid, 'c3d9a79c-3ad8-5e22-8462-124ed13c5382'::uuid, 'e7328ba7-367e-50b5-91c6-5859c599a3a7'::uuid, 'a9b48612-e25b-59b5-95c0-46af4d30489b'::uuid, '2026-04-18T14:00:00'::timestamptz, 60, 'COMPLETED', NULL, 'Test session (synthesised from Test_Results).', NOW(), NOW());
    INSERT INTO lesson_sessions (id, school_id, instructor_id, student_id, scheduled_at, duration_mins, status, location, notes, created_at, updated_at) VALUES ('17906d01-b888-5a5b-8e3e-f98e073e3bed'::uuid, 'c3d9a79c-3ad8-5e22-8462-124ed13c5382'::uuid, 'e7328ba7-367e-50b5-91c6-5859c599a3a7'::uuid, 'e4c0a94d-0011-5eee-9722-7f0e1fdd6d83'::uuid, '2026-04-19T09:00:00'::timestamptz, 60, 'COMPLETED', NULL, 'Test session (synthesised from Test_Results).', NOW(), NOW());
    INSERT INTO lesson_sessions (id, school_id, instructor_id, student_id, scheduled_at, duration_mins, status, location, notes, created_at, updated_at) VALUES ('ae7a68ee-04bb-508c-9ae8-6c4bf6a1174d'::uuid, 'c3d9a79c-3ad8-5e22-8462-124ed13c5382'::uuid, 'e7328ba7-367e-50b5-91c6-5859c599a3a7'::uuid, 'a9b48612-e25b-59b5-95c0-46af4d30489b'::uuid, '2026-04-19T09:00:00'::timestamptz, 60, 'COMPLETED', NULL, 'Test session (synthesised from Test_Results).', NOW(), NOW());
    INSERT INTO lesson_sessions (id, school_id, instructor_id, student_id, scheduled_at, duration_mins, status, location, notes, created_at, updated_at) VALUES ('05f51dab-1150-5ab1-b16b-3cb190a8a96b'::uuid, 'c3d9a79c-3ad8-5e22-8462-124ed13c5382'::uuid, 'e7328ba7-367e-50b5-91c6-5859c599a3a7'::uuid, '1de423d8-f779-57f5-bb2b-c822ad9033b7'::uuid, '2026-04-21T18:00:00'::timestamptz, 60, 'COMPLETED', NULL, 'Test session (synthesised from Test_Results).', NOW(), NOW());
    INSERT INTO lesson_sessions (id, school_id, instructor_id, student_id, scheduled_at, duration_mins, status, location, notes, created_at, updated_at) VALUES ('7378eed4-f178-5905-903f-ccc0bc655f9e'::uuid, 'c3d9a79c-3ad8-5e22-8462-124ed13c5382'::uuid, 'e7328ba7-367e-50b5-91c6-5859c599a3a7'::uuid, '1de423d8-f779-57f5-bb2b-c822ad9033b7'::uuid, '2026-04-21T18:00:00'::timestamptz, 60, 'COMPLETED', NULL, 'Test session (synthesised from Test_Results).', NOW(), NOW());

    -- ---------------- payments (per session) ----------------
    INSERT INTO payments (id, school_id, student_id, session_id, amount, currency, method, status, paid_at, created_at, updated_at) VALUES ('125e8065-4212-5881-bcc7-6434a44f0668'::uuid, 'c3d9a79c-3ad8-5e22-8462-124ed13c5382'::uuid, 'e4c0a94d-0011-5eee-9722-7f0e1fdd6d83'::uuid, '096d148f-546a-5338-899c-d9b236edf999'::uuid, 40.00, 'CAD', 'CASH', 'UNPAID', NULL, NOW(), NOW());
    INSERT INTO payments (id, school_id, student_id, session_id, amount, currency, method, status, paid_at, created_at, updated_at) VALUES ('e90ea075-2189-562f-afdc-f4e132c65a7d'::uuid, 'c3d9a79c-3ad8-5e22-8462-124ed13c5382'::uuid, 'a9b48612-e25b-59b5-95c0-46af4d30489b'::uuid, 'ba6dd25d-180b-5e80-b50b-ff97a5d9b50d'::uuid, 40.00, 'CAD', 'CASH', 'UNPAID', NULL, NOW(), NOW());
    INSERT INTO payments (id, school_id, student_id, session_id, amount, currency, method, status, paid_at, created_at, updated_at) VALUES ('384af121-fae9-5246-90a1-6d9ea4331578'::uuid, 'c3d9a79c-3ad8-5e22-8462-124ed13c5382'::uuid, 'a9b48612-e25b-59b5-95c0-46af4d30489b'::uuid, '34658dc0-654d-5515-9e23-2a0b82ecd8fc'::uuid, 40.00, 'CAD', 'CASH', 'UNPAID', NULL, NOW(), NOW());
    INSERT INTO payments (id, school_id, student_id, session_id, amount, currency, method, status, paid_at, created_at, updated_at) VALUES ('5e567f2a-fb41-5f66-93ea-2352779734c8'::uuid, 'c3d9a79c-3ad8-5e22-8462-124ed13c5382'::uuid, '1ab655f7-095e-5da8-a3eb-a564a84d2a28'::uuid, '545f195a-b0b8-5766-b2e3-248c419d7a53'::uuid, 40.00, 'CAD', 'CASH', 'UNPAID', NULL, NOW(), NOW());
    INSERT INTO payments (id, school_id, student_id, session_id, amount, currency, method, status, paid_at, created_at, updated_at) VALUES ('ab6d7587-8bf4-55a1-8009-60292bb83625'::uuid, 'c3d9a79c-3ad8-5e22-8462-124ed13c5382'::uuid, 'a9b48612-e25b-59b5-95c0-46af4d30489b'::uuid, 'db3c4ec3-df06-5618-840f-9cdfc76153d8'::uuid, 40.00, 'CAD', 'CASH', 'UNPAID', NULL, NOW(), NOW());
    INSERT INTO payments (id, school_id, student_id, session_id, amount, currency, method, status, paid_at, created_at, updated_at) VALUES ('7b5b6e54-834f-554f-ab10-0dd94f31a4d2'::uuid, 'c3d9a79c-3ad8-5e22-8462-124ed13c5382'::uuid, 'e4c0a94d-0011-5eee-9722-7f0e1fdd6d83'::uuid, 'a7ab11c3-7760-5b0e-b82c-8ce1623c2048'::uuid, 40.00, 'CAD', 'CASH', 'UNPAID', NULL, NOW(), NOW());
    INSERT INTO payments (id, school_id, student_id, session_id, amount, currency, method, status, paid_at, created_at, updated_at) VALUES ('29d1d29a-f3b7-5850-9f6c-4d601feacc3b'::uuid, 'c3d9a79c-3ad8-5e22-8462-124ed13c5382'::uuid, 'a9b48612-e25b-59b5-95c0-46af4d30489b'::uuid, 'ae9e51c3-1a36-5fad-9b89-8a603df520dc'::uuid, 40.00, 'CAD', 'CASH', 'UNPAID', NULL, NOW(), NOW());
    INSERT INTO payments (id, school_id, student_id, session_id, amount, currency, method, status, paid_at, created_at, updated_at) VALUES ('e6709fb2-6dfc-5005-9483-c5177d66eac6'::uuid, 'c3d9a79c-3ad8-5e22-8462-124ed13c5382'::uuid, 'a9b48612-e25b-59b5-95c0-46af4d30489b'::uuid, '8758ce03-de5b-5e69-a600-f20173f8c7a1'::uuid, 40.00, 'CAD', 'CASH', 'UNPAID', NULL, NOW(), NOW());
    INSERT INTO payments (id, school_id, student_id, session_id, amount, currency, method, status, paid_at, created_at, updated_at) VALUES ('b69f0084-019a-58e3-93a0-b07b8b45cef9'::uuid, 'c3d9a79c-3ad8-5e22-8462-124ed13c5382'::uuid, 'a9b48612-e25b-59b5-95c0-46af4d30489b'::uuid, 'beb34bce-612f-590d-840b-0b862a365974'::uuid, 40.00, 'CAD', 'CASH', 'UNPAID', NULL, NOW(), NOW());
    INSERT INTO payments (id, school_id, student_id, session_id, amount, currency, method, status, paid_at, created_at, updated_at) VALUES ('f3bec215-5112-573e-9980-c0dbd63e3667'::uuid, 'c3d9a79c-3ad8-5e22-8462-124ed13c5382'::uuid, 'ed59f0c9-c1eb-52e8-bce3-4bd0256d69b5'::uuid, 'a222a1aa-004e-5172-9331-0c10ceba618c'::uuid, 40.00, 'CAD', 'CASH', 'UNPAID', NULL, NOW(), NOW());
    INSERT INTO payments (id, school_id, student_id, session_id, amount, currency, method, status, paid_at, created_at, updated_at) VALUES ('a8dc81eb-7e9b-5f21-8a5a-691c8304f7a5'::uuid, 'c3d9a79c-3ad8-5e22-8462-124ed13c5382'::uuid, '266149fc-db0d-5aa7-b2a6-a903bdb4a9fe'::uuid, '22f94912-f37f-530d-9ac5-2494488a7caa'::uuid, 40.00, 'CAD', 'CASH', 'UNPAID', NULL, NOW(), NOW());
    INSERT INTO payments (id, school_id, student_id, session_id, amount, currency, method, status, paid_at, created_at, updated_at) VALUES ('ec69c3c9-0cee-58c0-86c6-4cabd28e4764'::uuid, 'c3d9a79c-3ad8-5e22-8462-124ed13c5382'::uuid, 'e7f967e6-8fb6-5c5b-93cf-e872ae0e3702'::uuid, '5338bd3c-6f67-5969-ab82-1a2b69d5115c'::uuid, 40.00, 'CAD', 'CASH', 'UNPAID', NULL, NOW(), NOW());

    -- ---------------- session_mistakes from Test_Results ----------------
    -- Keyed by mistake_categories.source_code ('M001'..'M056') seeded in V6.
    INSERT INTO session_mistakes (session_id, student_id, mistake_category_id, count, instructor_notes, logged_at) SELECT '72d4e95f-bd47-5b2d-9804-ea60637ed22b'::uuid, 'a9b48612-e25b-59b5-95c0-46af4d30489b'::uuid, mc.id, 1, NULL, '2026-04-14T09:30:00'::timestamptz FROM mistake_categories mc WHERE mc.jurisdiction = 'SGI' AND mc.source_code = 'M027';
    INSERT INTO session_mistakes (session_id, student_id, mistake_category_id, count, instructor_notes, logged_at) SELECT '72d4e95f-bd47-5b2d-9804-ea60637ed22b'::uuid, 'a9b48612-e25b-59b5-95c0-46af4d30489b'::uuid, mc.id, 1, NULL, '2026-04-14T09:30:00'::timestamptz FROM mistake_categories mc WHERE mc.jurisdiction = 'SGI' AND mc.source_code = 'M006';
    INSERT INTO session_mistakes (session_id, student_id, mistake_category_id, count, instructor_notes, logged_at) SELECT '72d4e95f-bd47-5b2d-9804-ea60637ed22b'::uuid, 'a9b48612-e25b-59b5-95c0-46af4d30489b'::uuid, mc.id, 1, NULL, '2026-04-14T09:30:00'::timestamptz FROM mistake_categories mc WHERE mc.jurisdiction = 'SGI' AND mc.source_code = 'M014';
    INSERT INTO session_mistakes (session_id, student_id, mistake_category_id, count, instructor_notes, logged_at) SELECT '72d4e95f-bd47-5b2d-9804-ea60637ed22b'::uuid, 'a9b48612-e25b-59b5-95c0-46af4d30489b'::uuid, mc.id, 1, NULL, '2026-04-14T09:30:00'::timestamptz FROM mistake_categories mc WHERE mc.jurisdiction = 'SGI' AND mc.source_code = 'M049';
    INSERT INTO session_mistakes (session_id, student_id, mistake_category_id, count, instructor_notes, logged_at) SELECT '3edba084-d8a8-5d69-bf42-f782c1d16969'::uuid, 'a9b48612-e25b-59b5-95c0-46af4d30489b'::uuid, mc.id, 1, NULL, '2026-04-18T14:30:00'::timestamptz FROM mistake_categories mc WHERE mc.jurisdiction = 'SGI' AND mc.source_code = 'M011';
    INSERT INTO session_mistakes (session_id, student_id, mistake_category_id, count, instructor_notes, logged_at) SELECT '3edba084-d8a8-5d69-bf42-f782c1d16969'::uuid, 'a9b48612-e25b-59b5-95c0-46af4d30489b'::uuid, mc.id, 1, NULL, '2026-04-18T14:30:00'::timestamptz FROM mistake_categories mc WHERE mc.jurisdiction = 'SGI' AND mc.source_code = 'M012';
    INSERT INTO session_mistakes (session_id, student_id, mistake_category_id, count, instructor_notes, logged_at) SELECT '17906d01-b888-5a5b-8e3e-f98e073e3bed'::uuid, 'e4c0a94d-0011-5eee-9722-7f0e1fdd6d83'::uuid, mc.id, 1, NULL, '2026-04-19T09:30:00'::timestamptz FROM mistake_categories mc WHERE mc.jurisdiction = 'SGI' AND mc.source_code = 'M044';
    INSERT INTO session_mistakes (session_id, student_id, mistake_category_id, count, instructor_notes, logged_at) SELECT '17906d01-b888-5a5b-8e3e-f98e073e3bed'::uuid, 'e4c0a94d-0011-5eee-9722-7f0e1fdd6d83'::uuid, mc.id, 1, NULL, '2026-04-19T09:30:00'::timestamptz FROM mistake_categories mc WHERE mc.jurisdiction = 'SGI' AND mc.source_code = 'M023';
    INSERT INTO session_mistakes (session_id, student_id, mistake_category_id, count, instructor_notes, logged_at) SELECT '17906d01-b888-5a5b-8e3e-f98e073e3bed'::uuid, 'e4c0a94d-0011-5eee-9722-7f0e1fdd6d83'::uuid, mc.id, 1, NULL, '2026-04-19T09:30:00'::timestamptz FROM mistake_categories mc WHERE mc.jurisdiction = 'SGI' AND mc.source_code = 'M008';
    INSERT INTO session_mistakes (session_id, student_id, mistake_category_id, count, instructor_notes, logged_at) SELECT '17906d01-b888-5a5b-8e3e-f98e073e3bed'::uuid, 'e4c0a94d-0011-5eee-9722-7f0e1fdd6d83'::uuid, mc.id, 1, NULL, '2026-04-19T09:30:00'::timestamptz FROM mistake_categories mc WHERE mc.jurisdiction = 'SGI' AND mc.source_code = 'M012';
    INSERT INTO session_mistakes (session_id, student_id, mistake_category_id, count, instructor_notes, logged_at) SELECT '17906d01-b888-5a5b-8e3e-f98e073e3bed'::uuid, 'e4c0a94d-0011-5eee-9722-7f0e1fdd6d83'::uuid, mc.id, 1, NULL, '2026-04-19T09:30:00'::timestamptz FROM mistake_categories mc WHERE mc.jurisdiction = 'SGI' AND mc.source_code = 'M049';
    INSERT INTO session_mistakes (session_id, student_id, mistake_category_id, count, instructor_notes, logged_at) SELECT '17906d01-b888-5a5b-8e3e-f98e073e3bed'::uuid, 'e4c0a94d-0011-5eee-9722-7f0e1fdd6d83'::uuid, mc.id, 1, NULL, '2026-04-19T09:30:00'::timestamptz FROM mistake_categories mc WHERE mc.jurisdiction = 'SGI' AND mc.source_code = 'M002';
    INSERT INTO session_mistakes (session_id, student_id, mistake_category_id, count, instructor_notes, logged_at) SELECT '17906d01-b888-5a5b-8e3e-f98e073e3bed'::uuid, 'e4c0a94d-0011-5eee-9722-7f0e1fdd6d83'::uuid, mc.id, 1, NULL, '2026-04-19T09:30:00'::timestamptz FROM mistake_categories mc WHERE mc.jurisdiction = 'SGI' AND mc.source_code = 'M009';
    INSERT INTO session_mistakes (session_id, student_id, mistake_category_id, count, instructor_notes, logged_at) SELECT '17906d01-b888-5a5b-8e3e-f98e073e3bed'::uuid, 'e4c0a94d-0011-5eee-9722-7f0e1fdd6d83'::uuid, mc.id, 1, NULL, '2026-04-19T09:30:00'::timestamptz FROM mistake_categories mc WHERE mc.jurisdiction = 'SGI' AND mc.source_code = 'M018';
    INSERT INTO session_mistakes (session_id, student_id, mistake_category_id, count, instructor_notes, logged_at) SELECT '17906d01-b888-5a5b-8e3e-f98e073e3bed'::uuid, 'e4c0a94d-0011-5eee-9722-7f0e1fdd6d83'::uuid, mc.id, 2, NULL, '2026-04-19T09:30:00'::timestamptz FROM mistake_categories mc WHERE mc.jurisdiction = 'SGI' AND mc.source_code = 'M027';
    INSERT INTO session_mistakes (session_id, student_id, mistake_category_id, count, instructor_notes, logged_at) SELECT 'ae7a68ee-04bb-508c-9ae8-6c4bf6a1174d'::uuid, 'a9b48612-e25b-59b5-95c0-46af4d30489b'::uuid, mc.id, 1, NULL, '2026-04-19T09:30:00'::timestamptz FROM mistake_categories mc WHERE mc.jurisdiction = 'SGI' AND mc.source_code = 'M011';
    INSERT INTO session_mistakes (session_id, student_id, mistake_category_id, count, instructor_notes, logged_at) SELECT 'ae7a68ee-04bb-508c-9ae8-6c4bf6a1174d'::uuid, 'a9b48612-e25b-59b5-95c0-46af4d30489b'::uuid, mc.id, 1, NULL, '2026-04-19T09:30:00'::timestamptz FROM mistake_categories mc WHERE mc.jurisdiction = 'SGI' AND mc.source_code = 'M002';
    INSERT INTO session_mistakes (session_id, student_id, mistake_category_id, count, instructor_notes, logged_at) SELECT '05f51dab-1150-5ab1-b16b-3cb190a8a96b'::uuid, '1de423d8-f779-57f5-bb2b-c822ad9033b7'::uuid, mc.id, 1, NULL, '2026-04-21T18:30:00'::timestamptz FROM mistake_categories mc WHERE mc.jurisdiction = 'SGI' AND mc.source_code = 'M023';
    INSERT INTO session_mistakes (session_id, student_id, mistake_category_id, count, instructor_notes, logged_at) SELECT '05f51dab-1150-5ab1-b16b-3cb190a8a96b'::uuid, '1de423d8-f779-57f5-bb2b-c822ad9033b7'::uuid, mc.id, 1, NULL, '2026-04-21T18:30:00'::timestamptz FROM mistake_categories mc WHERE mc.jurisdiction = 'SGI' AND mc.source_code = 'M042';
    INSERT INTO session_mistakes (session_id, student_id, mistake_category_id, count, instructor_notes, logged_at) SELECT '05f51dab-1150-5ab1-b16b-3cb190a8a96b'::uuid, '1de423d8-f779-57f5-bb2b-c822ad9033b7'::uuid, mc.id, 1, NULL, '2026-04-21T18:30:00'::timestamptz FROM mistake_categories mc WHERE mc.jurisdiction = 'SGI' AND mc.source_code = 'M012';
    INSERT INTO session_mistakes (session_id, student_id, mistake_category_id, count, instructor_notes, logged_at) SELECT '05f51dab-1150-5ab1-b16b-3cb190a8a96b'::uuid, '1de423d8-f779-57f5-bb2b-c822ad9033b7'::uuid, mc.id, 1, NULL, '2026-04-21T18:30:00'::timestamptz FROM mistake_categories mc WHERE mc.jurisdiction = 'SGI' AND mc.source_code = 'M024';
    INSERT INTO session_mistakes (session_id, student_id, mistake_category_id, count, instructor_notes, logged_at) SELECT '05f51dab-1150-5ab1-b16b-3cb190a8a96b'::uuid, '1de423d8-f779-57f5-bb2b-c822ad9033b7'::uuid, mc.id, 1, NULL, '2026-04-21T18:30:00'::timestamptz FROM mistake_categories mc WHERE mc.jurisdiction = 'SGI' AND mc.source_code = 'M002';
    INSERT INTO session_mistakes (session_id, student_id, mistake_category_id, count, instructor_notes, logged_at) SELECT '05f51dab-1150-5ab1-b16b-3cb190a8a96b'::uuid, '1de423d8-f779-57f5-bb2b-c822ad9033b7'::uuid, mc.id, 1, NULL, '2026-04-21T18:30:00'::timestamptz FROM mistake_categories mc WHERE mc.jurisdiction = 'SGI' AND mc.source_code = 'M044';
    INSERT INTO session_mistakes (session_id, student_id, mistake_category_id, count, instructor_notes, logged_at) SELECT '7378eed4-f178-5905-903f-ccc0bc655f9e'::uuid, '1de423d8-f779-57f5-bb2b-c822ad9033b7'::uuid, mc.id, 2, NULL, '2026-04-21T18:30:00'::timestamptz FROM mistake_categories mc WHERE mc.jurisdiction = 'SGI' AND mc.source_code = 'M014';
    INSERT INTO session_mistakes (session_id, student_id, mistake_category_id, count, instructor_notes, logged_at) SELECT '7378eed4-f178-5905-903f-ccc0bc655f9e'::uuid, '1de423d8-f779-57f5-bb2b-c822ad9033b7'::uuid, mc.id, 3, NULL, '2026-04-21T18:30:00'::timestamptz FROM mistake_categories mc WHERE mc.jurisdiction = 'SGI' AND mc.source_code = 'M016';

    RAISE NOTICE 'V7 customer data loaded successfully.';
END
$body$ LANGUAGE plpgsql;

